Adjective,Noun
fragrant,icon
flashing,kayak
whispery,xenotime
quaint,goblin
gleaming,chimera
moldy,oboe
jovial,spider
slimy,jeep
whispering,coyote
plush,hutch
flaring,ziggurat
desolate,xeric
gushing,wisteria
animated,dragonfruit
shrill,microscope
fragile,feldspar
tense,gazebo
inflated,notebook
echoing,recorder
ragged,yodel
quivering,jasper
pristine,broccoli
drifting,umbra
hefty,emerald
tumultuous,refractometer
salty,pipette
graceful,keep
steamy,topaz
muddy,stalactite
palpable,breeze
blurry,vulture
ritzy,quartz
glimmering,orchard
flaky,tulip
grumbling,jaguar
verdant,elderberry
stubby,jackal
murmuring,violin
shadowy,nymph
pensive,lighthouse
woeful,piccolo
blooming,kettle
frothy,tomato
vibrating,oscilloscope
scampering,hyena
svelte,nectarine
boisterous,zinfandel
whistling,xanthan
shallow,dune
icy,lynx
rancid,whale
crunching,kaleidoscope
buzzing,necklace
striped,seahorse
haunting,zucchini
crashing,dolphin
wrinkled,zipper
drowsy,giraffe
lumpy,termite
slippery,van
petty,quadrant
tender,flute
woody,jackrabbit
pounding,ferret
sizzling,emu
blazing,saxophone
cloudy,walrus
swirly,igloo
beating,dream
plump,yellowjacket
gloomy,raccoon
decayed,yellowstone
murky,tornado
sleek,dome
haggard,xanadu
turbid,wolverine
leathery,zoo
humming,elephant
sprawling,barrel
sweeping,friendship
cute,palace
tangy,acorn
snug,bison
wobbling,nest
frantic,jazz
stale,enclosure
ornate,hedgehog
tranquil,lagoon
creeping,yogurt
craggy,inflatable
cumbersome,xiphos
tepid,futon
stagnant,cabbage
breezy,den
yawning,juxtaposition
wholesome,balloon
floral,wulfenite
clammy,vanilla
soggy,fjord
frizzy,kalanchoe
fervent,ugli
gargantuan,marimba
sweltering,gardenia
brackish,barn
melodic,nephelometer
fluttering,roach
giddy,valley
screeching,firefly
ornery,violet
creamy,fennel
lopsided,lilac
lukewarm,iolite
sinister,nunnery
mellow,lemon
bustling,ibex
hallowed,utopia
frothing,submarine
quaking,wadi
clamorous,umbrella
voluminous,zebu
scrawny,jungle
sultry,daffodil
chunky,bookshelf
vintage,carousel
jazzy,stadium
frisky,cliff
spotty,magnet
cranky,fossil
nebulous,zymometer
quixotic,amphitheater
piercing,horizon
meek,ostrich
frugal,strawberry
scattered,freesia
fading,newt
rusty,starfruit
rippling,xeriscape
timid,tangelo
sluggish,uraninite
peppy,vista
sandy,azalea
dim,velvet
swanky,yarn
muted,dormitory
misty,zinnia
flourishing,sandwich
shady,urchin
eerie,orchid
stifling,pendant
buoyant,telescope
wobbly,forest
hazy,dynamometer
clashing,chameleon
greasy,idiophone
frilly,mandolin
hissing,nightstand
gritty,platypus
swaying,ruby
shimmering,plane
brittle,viper
silky,oasis
clattering,blanket
scorching,tower
knobby,clarinet
velvety,kangaroo
earthy,parachute
squalid,jade
elegant,magnolia
spicy,barracks
sophisticated,badger
gruesome,helicopter
oblique,honeydew
blunt,yacht
gliding,horseradish
lofty,camera
sloppy,ultracentrifuge
cluttered,barracuda
wavy,sofa
feisty,dodo
puny,bridge
arid,ermine
dainty,bougainvillea
vague,donut
muffled,scepter
rugged,xerus
steaming,cupcake
purring,nutmeg
lethargic,nectar
abrasive,zephyr
sighing,yueqin
gleeful,underpass
rustic,parrot
lavish,pillow
fickle,mountain
bumpy,diamond
robust,hippopotamus
squeamish,lute
warped,spinach
twisting,ankle
throbbing,aviary
emaciated,hearth
frosty,puzzle
dismal,jelly
banging,treasure
sparse,walnut
withering,wagon
pungent,mushroom
oily,weasel
frigid,rhythm
wistful,isthmus
torrid,candle
sticky,harmony
withered,citrine
crunchy,envelope
barren,nephrite
faint,gondola
skittish,impala
wiry,jigsaw
sordid,flamingo
turbulent,rose
muggy,limousine
jolly,broom
fiery,marshmallow
crisp,window
zany,salamander
stealthy,wombat
vapid,bagpipe
foggy,albatross
gnarly,quokka
jagged,orangutan
hearty,teacup
shaggy,compassion
tasty,knoll
tremendous,yam
nifty,spectrometer
soothing,universe
rhythmic,skyscraper
lurid,beryl
nautical,marsh
prickly,bungalow
zippy,piano
gurgling,reef
glinting,honeycrisp
scurrying,television
glowing,quilt
loose,mosquito
gaseous,grapefruit
chattering,orange
overjoyed,castle
wilted,onion
tough,tangerine
tangled,note
limp,medal
pudgy,gorge
chubby,iceberg
scratchy,butterfly
ramshackle,helmet
fleeting,waterfall
lustrous,moonstone
billowing,kudu
tawny,squirrel
musky,vineyard
groovy,museum
vivid,avocado
glacial,dingo
nocturnal,apple
shuffling,abyss
sweaty,alarm
twinkling,chocolate
nippy,wheelchair
flowery,resort
ethereal,scissors
knotty,armoire
rustling,potion
cozy,hill
strident,glasses
furry,tapir
dusty,koto
serrated,elderflower
clunky,crate
stiff,seashell
dormant,pencil
serene,meadow
subdued,bicycle
delectable,knapsack
blinking,hydrometer
bland,ranch
radiant,guitar
choppy,urn
obnoxious,serendipity
tricky,flashlight
snapping,lion
chirping,garnet
quirky,pinnacle
rambunctious,harbor
humble,wasabi
impish,kiwano
puffy,canyon
vivacious,jackfruit
hilarious,kelp
glossy,xenon
youthful,panda
bizarre,yellowfruit
coarse,eyelash
serpentine,cherry
feathery,tiara
dripping,rambutan
twirling,warehouse
luminous,penguin
flickering,volleyball
gaudy,meerkat
shrinking,flugelhorn
splashing,koala
crawling,sundial
irate,hatchery
bloated,quagmire
futuristic,pancake
shivering,uakari
mysterious,pineapple
filthy,zeppelin
moist,lamp
bitter,windmill
cavernous,voavanga
crumpled,knot
skeletal,baboon
bejeweled,eagle
leaden,mango
skipping,yabby
dreary,raspberry
dusky,university
trembling,icicle
parched,estate
opaque,pasture
mottled,quasar
shiny,kitten
itchy,falcon
flapping,incubator
alarming,jasmine
dilapidated,lounger
metallic,ivory
spry,voltmeter
frayed,tributary
vibrant,ichneumon
smoldering,xun
paltry,mandarin
scaly,yangqin
sunny,tram
sturdy,kennel
smooth,robot
lame,wasp
stout,peridot
wary,abacus
bubbly,zenith
mossy,island
flamboyant,table
mythical,coral
gaunt,labyrinth
leafy,rattlesnake
rattling,cactus
unruly,echo
dapper,dragon
blissful,amethyst
thunderous,zonkey
swooping,desk
ruddy,observatory
twisted,rivulet
plucky,zest
groaning,zebrafish
snappy,octopus
clumsy,tractor
stinging,estuary
regal,pumpkin
crackling,gyroscope
hypnotic,stable
wrinkly,viola
exotic,quarry
sparkling,jewel
vast,yardstick
boiling,nyckelharpa
slim,locust
intrepid,kale
dull,malachite
trickling,ukulele
fluffy,unicorn
opulent,galaxy
exuberant,keyboard
majestic,daisy
flimsy,cantaloupe
placid,laptop
weary,harmonica
nimble,ink
beady,sitar
phantom,jail
chilly,lemur
tactile,onyx
drizzling,manatee
zesty,jalapeno
elastic,locket
whirling,cathedral
golden,gorilla
crispy,jacket
briny,xanthium
lanky,wardrobe
blossoming,petunia
jubilant,banjo
sprightly,terrace
spongy,upland
splattering,thermocouple
curly,watermelon
whimsical,fortress
squiggly,yarrow
brisk,relic
roaring,anchor
meticulous,lyre
jaunty,wand
sinewy,hematite
crooked,quill
sullen,theremin
callous,yawn
squeaky,shark
grisly,vase
bubbling,kiln
lush,carrot
angular,kyanite
airy,trumpet
beaming,roadrunner
meandering,yard
musty,bakery
dimpled,cabinet
sputtering,banana
pulsating,diorama
bulky,peak
ticking,quena
enchanting,opera
hollow,inn
howling,grape
witty,whisper
glistening,jellyfish
foamy,quadbike
spiky,greenhouse
swarthy,toucan
squishy,cello
fuzzy,fig
melancholic,rhinoceros
sugary,vinegar
dazzling,euphonium
clanging,furnace
hushed,pepper
chewy,tarantula
glittering,hydrangea
tattered,hammock
